"","V1","V2","V3","V4","V5","V6","V7","V8","V9","V10","V11","V12","V13","V14","V15","V16","V17","V18","V19","V20","V21","V22","V23","V24","V25","V26","V27","V28","V29","V30","V31","V32","V33","V34","V35","V36","V37","V38","V39","V40","V41","V42","V43","V44","V45","V46","V47","V48","V49","V50","V51","V52","V53","V54","V55","V56","V57","V58","V59","V60","V61","V62","V63","V64","V65","V66","V67","V68","V69","V70","V71","V72","V73","V74","V75","V76","V77","V78","V79","V80","V81","V82","V83","V84","V85","V86","V87","V88","V89","V90","V91","V92","V93","V94","V95","V96","V97","V98","V99","V100","V101","V102","V103","V104","V105","V106","V107","V108","V109","V110","V111","V112","V113","V114","V115","V116","V117","V118","V119","V120","V121","V122","V123","V124","V125","V126","V127"
"1",0,0,0,0,0,0,0,0,0,0,0,0,0,0,0,0,0,0,0,0,0,0,0,0,0.0212064628946465,0,0,0,0,0,0,0,0,0,0,0,0,0,0,0,0,0,0,0,0.00149047420694673,0,0,0,0,0,0,0,0,0,0,0,0,0.708701613795944,0,0,0,0,0,0,0,0,0,0,0,0,0,0,0,0,0,0,0,0,0,0,0,0,0,0,0,0,0,0,0,0,0,0,0,0,0,0,0,0,0,0,0,0,0,0,0,0.058866906406023,0.0266310051957427,0,0,0,0,0,0,0,0,0,0,0,0,0,0.0201284253572188,0,0,0,0,0,0
"2",0,0,0,0,0,0,0,0,0,0,0,0,0,0,0.74953969082582,0,0,0,0,0,0,0,0,0,0,0,0,0,0,0,0,0,0,0,0,0,0,0,0,0,0,0,0,0,0,0,0,0,0,0,0,0,0,0,0,0,0,0,0,0,0,0,0,0,0,0,0,0.0590082873388381,0,0,0,0,0,0,0,0,0,0,0,0,0,0,0.0162684281374723,0,0,0,0,0,0,0,0,0,0,0,0.02008339320726,0,0,0,0,0,0,0,0,0,0.0322912933933183,0,0,0,0,0,0,0,0,0,0,0,0,0,0,0,0,0,0,0,0,0,0
"3",0,0,0,0,0,0,0,0,0,0,0,0,0,0,0,0,0,0,0,0,0,0,0,0,0,0,0,0.0289798490693869,0,0,0,0,0.0962581777174178,0,0,0,0,0,0,0,0,0,0,0,0,0,0,0,0,0,0,0,0,0,0,0,0,0,0,0,0,0,0,0,0,0,0,0,0,0,0,0,0,0,0,0,0,0,0,0,0,0,0,0,0,0,0,0,0,0,0,0,0,0,0,0,0.00844313694684012,0,0,0,0,0,0,0,0,0,0,0,0,0,0,0,0,0,0,0,0,0,0,0,0,0,0,0,0,0,0
"4",0,0,0,0,0,0,0,0,0,0,0,0,0,0.22135569440201,0,0,0,0.0409602647971501,0,0,0,0.140164963272129,0,0,0,0,0,0,0,0.0854735721416668,0,0,0,0,0,0,0,0,0.202415968794149,0,0,0,0,0,0,0,0,0,0,0,0,0,0,0,0,0.0678767286180787,0,0,0,0,0,0,0,0,0,0,0,0,0,0,0,0,0,0,0,0,0.100674683898188,0,0,0,0,0,0,0,0,0,0,0,0.019732610096378,0,0,0.00713873649253216,0.190656408944273,0,0,0,0,0,0,0.0605378360666496,0,0,0,0,0,0,0,0,0.0573378386211976,0,0,0,0,0,0,0,0,0,0,0,0.0876541200137968,0,0,0,0.0105694353910011,0,0
"5",0,0,0,0,0,0,0,0,0,0,0,0,0,0,0,0.0416050760331836,0,0,0,0,0,0,0,0,0,0,0,0,0,0,0,0,0,0,0,0,0,0,0,0,0,0,0,0.327776333251477,0,0.179632195280322,0,0,0,0,0,0,0,0,0,0,0,0,0,0,0,0,0,0,0,0,0,0,0,0,0,0,0,0,0,0.181570466611744,0,0,0,0,0,0,0,0,0,0,0,0,0,0.458063746592052,0,0,0,0,0,0,0,0,0,0,0,0,0.219350376067466,0.0940135726049633,0,0,0,0,0,0,0,0,0,0,0,0.108303653857521,0,0,0.0662216309060189,0,0,0,0,0,0,0,0
"6",0,0,0,0,0,0,0,0,0,0,0,0,0.0873910601759333,0,0,-0.0192622042397964,0,0,0,0,0,0,0,0,0,0,0,0,0,0,0,0,0,0,0,0,0,0,0,0,0,0,0,0,0,0,0,0,0,0,0,0,0,0,0,0.159091945898524,0,0,0,0,0,0,0,0,0,0,0,0,0,0,0,0,0,0,0,0,0,0.0722255511378498,0,0,0,0,0,0,0,0,0,0,0.0494611430560773,0,0,0,0,0,0,0,0,0,0,0.0301104128646173,0,0,0,0,0,0,0,0,0,0,0,0,0,0,0,0,0,0,0,0,0,0,0,0,0,0,0
"7",0,0,0,0,0,0,0,0,0.036613528672052,0,0.0353965235140159,0,0,0.0468437761736024,0,0,0,0,0,0,0,0,0,0.0188115185108107,0,0,0,0,0,0.00912600275184741,0,0,0,0,0,0,0,0,0.1361665225114,0,0,0,0,0,0,0,0,0,0,0,0,0,0,0,0,0,0,0,0,0,0.00429187067548156,0,0,0,0,0,0,0,0,0.0871521733906967,0,0,0,0,0,0,0.0415923385570808,0,0,0,0,0,0,0,0,0,0,0,0,0,0.0127661645353939,0.0586208367778712,0.00412563565192703,0,0,0.0330606120581011,0,0,0,0,0,0,0,0,0,0,0.0712091829222952,0,0,0,0,0,0,0.0183024877797782,0,0,0,0,0,0,0,0,0.0742782710727934,0,0,0.0840290166312233,0
"8",0,0,0,0,0,0,0,0,0,0,0,0,0,0,0,0,0,0,0.0126521538177678,0,0,0,0,0,0,0,0,0,0,0,0,0,0,0.069322003855556,0,0,0,0,0,0,0,0,0,0,0,0,0,0,0,0,0,-0.0439048006601589,0,0,0,0,0,0,0,0,0,0,0,0,0,0,0,0,0,0,0,0,0,0,0,0,0,0,0,0,0,0,0,0,0,0,0,0,0,0,0,0,0,0,0,0,0,0,0,0,0,0,0,0,0,0,0,0,0,0,0,0,0,0,0,0,0,0,0,0,0,0,0,0,0,0,0
"9",0,0,0,0,0,0,0.036613528672052,0,0,0,0,0,0,0,0,0,0,0,0,0,0,0,0,0,0,0,0.0666838048441733,0,0,0,0,0,0,0,0,0.0170917212055543,0,0,0,0,0,0,0,0,0,0,0,0,0,0,0,0.0686725256311408,0,0,0,0,0,0,0,0,0,0,0,0,0,0,0.0338542022395733,0,0,0,0,0,0,0,0,0,0,0,0,0,0,0,0,0,0,0,0,0,0,0,0,0,0,0,0,0,0,0,0,0,0,0,0,0,0,0,0,0,0,0,0,0,0,0,0,0,0,0,0,0,0,0,0,0,0,0,0
"10",0,0,0,0,0,0,0,0,0,0,0,0,0,0,0,0,0,0,0,0.193017973906817,0,0.0216890256796703,0.0618431993182137,0,0,0,0,0,0,0.0188255398598411,0,0,0,0,0,0,0,0,0.0290615143654239,0,0.00344419906395965,0,0,0,0,0,0,0,0,0,0,0,0,0,0,0,0,0,0,0,0,0,0,0,0,0,0,0,0,0,0.037127338644567,0,0,0,0,0,0.0133981869368635,0,0,0,0,0,0,0,0,0.0066453315573734,0,0,0,0,0,0,0,0,0,0,0,0,0,0,0,0,0,0,0,0,0,0,0,0,0,0,0,0,0,0,0,0.00134661081206136,0,0,0,0,0,0,0.143509232301681,0,0
"11",0,0,0,0,0,0,0.0353965235140159,0,0,0,0,0,0,0,0,0,0.00927479912876422,0.0609846308351072,0,0,0,0.0129854628909329,0,0,0,0,0,0,0,0.0455272172899148,0,0,0,0,0,0,0,0,0.0384657041686659,0,0,0,0,0,0,0,0,0,0,0,0,0,0,0,0,0,0,0,0,0,0,0,0,0,0,0,0,0,0,0,0,0,0,0,0,0,0,0,0,0,0,0,0,0,0,0,0.493032554075038,0,0,0,0,0.00623971982582139,0,0,0,0,0,0,0,0,0,0,0,-0.0386692698434699,0,0,0,0,0,0.165325729373655,0,0,0,0,0,0,0.0543901310176632,0,0,0,0.0159671596747247,0,0,0,0,0,0
"12",0,0,0,0,0,0,0,0,0,0,0,0,0,0,0,0.00924660294181065,0,0,0.0581792735995823,0,0,0,0,0,0,0,0,0,0,0,0,0,0,0.145018884469993,0,0,0,0,0,0,0,0,0,0,0,0,0,0,0,0,0,0,0,0,0,0,0,0,0,0,0,0,0,0,0.161893261492123,0,0,0,0,0,0,0,0,0,0,0,0,0,0,0,0,0.215634161460686,0,0.00522933396554759,0,0,0,0,0,0,0,0,0,0,0,0,0,0,0,0,0,0,0,0,0,0,0,0,0,0,0,0,0,0,0,0,0,0,0.146630438191598,0,0,0,0,0,0,0,0
"13",0,0,0,0,0,0.0873910601759333,0,0,0,0,0,0,0,0,0,0,0,0,0,0,0,0.0908967867155844,0,0,0,0,0,0,0,0,0,0,0,0,0,0,0,0,0,0,0.667323582234361,0,0,0,0,0,0,0,0,0,0,0,0.0119309320736816,0,0,0,0,0,0,0,0,0,0,0,0,0,0,0,0,0,0,0,0,0,0,0,0,0,0,0.0324841901542143,0.0365900570654627,0,0,0,0,0,0,0,0.171640087522148,0,0,0,0,0,0,0,0,0,0,0,0,0,0,0,0,0,0,0,0,0,0.0078733355874758,0,0,0,0,0,0,0,0,0,0,0,0,0,0,0,0
"14",0,0,0,0.22135569440201,0,0,0.0468437761736024,0,0,0,0,0,0,0,0,0,0.0179492108813743,0,0,0,0,0,0,0,0.0151427959411947,0,0,0,0,0.0294586023228175,0,0,0,0,0,0,0.060526983013525,0,0.014804107620545,0,0,0,0,0,0,0,0,0,0,0,0,0,0,0,0,0,0,0,0,0,0,0,0,0,0,0,0,0,0,0,0,0,0,0,0,0,0,0,0.0667196590484585,0,0,-0.035033433942666,0,0,0,0,0,0,0,0,0,0.0630780185101504,0.0285017473748867,0,0,0,0,0,0,0.104413891654807,0,0,0,0,0,0,0,0.069017493491951,0,0,0,0,0,0,0,0,0,0,0,0,0.0453833319478034,0,0,0,0.047773338484005,0,0
"15",0,0.74953969082582,0,0,0,0,0,0,0,0,0,0,0,0,0,0,0,0,0,0,0,0,0,0,0,0,0,0,0,0,0,0,0,0,0,0,0,0,0,0,0,0,0,0,0,0,0,0,0,0,0,0,0,0,0,0,0,0,0,0,0,0.0374721875800358,0,0,0,0,0,0.417412038885673,0,0,0,0,0,0,0,0,0,0,0,0,0,0,0.00012961237195816,0,0,0,0,0,0,0,0,0,0,0,0,0,0,0,0,0,0,0,0,0,0.0922027410963915,0,0,0,0,0,0.00401064359872838,0,0.125460746277981,0,0,0,0,0,0,0,0,0,0,0,0,0,0
"16",0,0,0,0,0.0416050760331836,-0.0192622042397964,0,0,0,0,0,0.00924660294181065,0,0,0,0,0,-0.0178366342676851,0.0533471785856971,0,0,0,0,0,0,0,0,0,0,0,0,0,0,0,0,0,0,0,0,0,0,0,0,0,0,0.0262321093549945,0,0,0,0,0,0,0,0,0,0,0,0,0,0.0648620566256973,0,0,0,0,0,0,0,0,0,0,0,0,0,0,0,0,0,0,0,0,0,0.0767614060629699,0,0.0861379268054502,0,0,0,0,0,0,0,0,0,0,0,0,0,0,0,0,0,0,0,0.1677846014169,0,0,0,0,0,0,0,0,0,0,0,0,0,0,0.220797633131125,0,0,0,0,0,0,0,0
"17",0,0,0,0,0,0,0,0,0,0,0.00927479912876422,0,0,0.0179492108813743,0,0,0,0,0,0,0,0,0,0,0.0191239508642717,0,0,0.0425346627786815,0,0.0801499344241198,0,0.0589170616145398,0,0,0.0929514097929168,0,0,0,0,0.0377515148203353,0,0,0.0531182535330889,0,0.00505345281345065,0,0,0,0,0,0,0,0,0,0,0.0487341601304466,0,0,0,0,0.00819466164893418,0,0,0,0,0.0654319478596703,0,0,0.0450939867302726,0,0,0,0,0,0,0,0,0,0.0528184493477942,0,0,0,0,0,0,0,0,0,0,0,0.163704032034971,0,0,0,0,0,0.0384683060293323,0,0,0,0,0,0,0,0,0,0,0,0,0,0,0,0,0,0.0074174594132165,0,0,0,0,0,0,0.0241258370586971,0,0,0,0,0
"18",0,0,0,0.0409602647971501,0,0,0,0,0,0,0.0609846308351072,0,0,0,0,-0.0178366342676851,0,0,0,0,0,0,0,0.0430718525833824,0,0,0,0.120421754895445,0,0,0,0,0,0,0,0.0174228810496176,0,0,0,0,0,0,0,0,0,0,0,0.0420011363932261,0,0,0,0,0,0,0,0,0,0,0,0,0,0,0,0.0334723974599413,0,0.0420917755934289,0,0,0,0,0,0,0,0,0,0,0,0,0.00536237418815866,0,0,0,0,0,0,0,0,0,0,0,0,0,0,0,0,0,0,0,0,0,0,0,0,0,0,0,0,0,0.0560769033862426,0,0,0,0,0,0,0,0,0,0,0,0,0.0281903967064173,0,0,0.00408609474674651,0,0
"19",0,0,0,0,0,0,0,0.0126521538177678,0,0,0,0.0581792735995823,0,0,0,0.0533471785856971,0,0,0,0,0,-0.000578687682195711,0,0,0,0,0,0,0,0,0,0,0,0,0,0,0,0,0,0,0,0,0,0,0,0,0,0,0,0.223536016308443,0,0,0,0,0,0,0,0,0,0,0,0,0,0,0.132965920998665,0,0,0,0,0,0,0,0,0,0,0,0,0,0,0,0,0.0749497261402736,0,0,0,0,0,0,0,0,0,0,0,0,0,0,0,0,0,0,0,0,0,0,0,0,0,0,0,0,0,0,0,0,0,0,0,0,0,0,0,0,0,0,0,0,0
"20",0,0,0,0,0,0,0,0,0,0.193017973906817,0,0,0,0,0,0,0,0,0,0,0,0.00823792054419059,0,0,0,0,0,0,0,0,0,0,0,0,0,0,0,0,0,0,0,0,0,0,0,0,0,0,0,0,0.00705205168329437,0,0,0,0,0,0,0,0,0,0,0,0,0,0,0,0,0,0,0,0,0,0,0,0,0,0,0,0,0,0,0,0,0,0,0,0,0,0.073709948781755,0,0,0,0.0891349291760401,0,0,0,0,0,0,0,0,0,0,0,0,0,0,0,0,0,0,0,0,0,0,0,0,0,0,0,0.0770024751219373,0,0,0.00707079243333322,0,0,0
"21",0,0,0,0,0,0,0,0,0,0,0,0,0,0,0,0,0,0,0,0,0,0,0,0,0,0,0,0,0,0,0,0,0,0,0,0,0,0,0,0,0,0,0,0,0,0,0,0,0,0,0,0,0,0,0,0,0,0,0,0,0,0.201220212658728,0,0,0,0,0,0,0,0,0,0,0,0,0,0,0,0,0,0,0,0,0,0,0,0,0,0,0,0,0,0,0,0,0,0,0,0,0,0,0,0,0,0,0,0,0,0,0,0,0,0,-0.0400066202088633,0,0,0,0,0.02509454575309,0,0,0,0,0,0,0,0,0
"22",0,0,0,0.140164963272129,0,0,0,0,0,0.0216890256796703,0.0129854628909329,0,0.0908967867155844,0,0,0,0,0,-0.000578687682195711,0.00823792054419059,0,0,0,0,0,0,0,0,0,0,0,0,0,0,0,0,0,0,0,0,0,0,0,0,0,0,0,0,0,0,0,0,0.000541348123404395,0,0,0,0,0,0,0,0.117544606725927,0,0,0,0,0,0,0,0,0,0,0,0,0,0,0,0,0,0.00457664953854858,0,0,0,0,0,0,0,0,0,0.00850708485316087,0,0,0,0,0,0,0,0,0,0,0,0,0,0,0,0,0.137331425158115,0,0,0,0,0,0,0,0,0,0,0,0,0,0,0.020138908866898,0,0,0.00327050343206656,0.0894525750300968,0,0
"23",0,0,0,0,0,0,0,0,0,0.0618431993182137,0,0,0,0,0,0,0,0,0,0,0,0,0,0,0,0,0,0,0,0.00752648947291412,0,0,0,0,0,0,0.00645938315443909,0,0,0,0.0563619029970941,0,0,0,0,0,0,0,0,0,0,0,0,0,0,0.0587366915040707,0,0,0,0,0,0,0,0,0,0.0143211143061758,0,0,0,0,0.0344992415351426,0,0,0,0,0,0,0,0,0,0,-0.0794529217449232,0,0,0,0,0,0,0.136328315612567,0,0,0,0,0,0,0,0,0,0,0,0,0,0,0,0,0,0,0,0,0,0,0,0,0,0,0,0,0,0,0,0,0,0.442998470529994,0,0,0,0
"24",0,0,0,0,0,0,0.0188115185108107,0,0,0,0,0,0,0,0,0,0,0.0430718525833824,0,0,0,0,0,0,0,0,0,0,0,0,0,0,0,0,0,0,0,0,0,0,0,0,0,0,0,0,0.683323051056593,0,0.0531028726168743,0,0,0,0,0,0,0,0,0,0,0,0,0,0,0,0,0.0870978910563383,0.0161139142488438,0,0,0,0,0,0,0,0,0,0,0,0,0,0,0,0,0,0.0426617288605307,0.485470107836685,0,0,0,0,0,0,0,0,0,0,0.0899798666367817,0,0,0,0,0,0,0,0,0,0,0,0.0462538179522755,0,0,0,0,0,0.0789054380198969,0,0,0,0,0,0,0,0,0,0,0,0
"25",0.0212064628946465,0,0,0,0,0,0,0,0,0,0,0,0,0.0151427959411947,0,0,0.0191239508642717,0,0,0,0,0,0,0,0,0,0,0,0,0,0,0,0,0,0.0791292350533149,0,0,0,0,0,0,0,0,0,0,0,0,0,0,0,0,0,0.0775678164978887,0,0,0,0,0,0.701152297974437,0,0,0,0,0,0,0,0,0,0,0,0,0,0,0,0,0,0,0,0,0.0476150180794046,0,0,0,0,0,0.0400643889010713,0,0,0,0,0,0,0,0,0,0,0,0,0,0,0,0,0,0,0,0.0121963076839814,0,0,0,0,0,0,0,0,0,0,0,0,0,0,0.0215095249524076,0,0,0,0,0,0.0675436358950777
"26",0,0,0,0,0,0,0,0,0,0,0,0,0,0,0,0,0,0,0,0,0,0,0,0,0,0,0,0,0,0,0,0,0,0,0,0,0,0,0,0,0,0,0,0,0,0,0,0,0,0,0,0,0,0,0,0.00822437880065438,0,0,0,0,0.12262420841894,0,0,0,0,0,0,0,0,0,0,0.169155296071611,0,0,0,0,0,0,0,0,0,0,0,0,0,0,0,0,0,0,0.0698345330205828,0,0,0,0,0.0983444188739643,0,0,0,0,0,0,0,0,0,0.0748628286450886,0,0,0,0,0,0,0.0215972911607399,0,0,0,0,0,0,0,0.054915747791798,0,0,0,0.00873680881728373,0,0
"27",0,0,0,0,0,0,0,0,0.0666838048441733,0,0,0,0,0,0,0,0,0,0,0,0,0,0,0,0,0,0,0,0,0,0,0.103066466987748,0,0,0,0,0,0,0,0.0579192729926003,0,0,0,0,0,0,0,0,0,0,0,0,0,0,0,0,0,0,0,0,0,0,0,0,0,0,0,0,0,0,0,0,0,0,0,0,0,0,0,0,0,0,0,0,0,0,0,0,0,0,0,0,0,0,0,0,0,0,0,0,0,0,0,0,0,0,0,0,0,0,0,0,0,0,0,0,0,0.137568511407842,0,0.688521195020695,0,0,0,0,0,0,0
"28",0,0,0.0289798490693869,0,0,0,0,0,0,0,0,0,0,0,0,0,0.0425346627786815,0.120421754895445,0,0,0,0,0,0,0,0,0,0,0,0,0,0,0.0711758702158513,0,0,0,0.0956887087943399,0,0,0,0,0,0.320034798285174,0,0,0,0,0,0.014608773598018,0,0,0,0,0,0,0,0,0,0,0,0,0,0,0,0,0,0,0,0,0,0,0,0,0,0,0,0,0,0.0314417557864716,0.0740502687855529,0,0,0,0,0.194026308179068,0,0,0,0,0,0,0,0,0,0,0,0,0,0,0,0.0856292281712056,0,0,0,0,0,0,0,0,0,0,0,0,0,0,0,0,0,0,0,0,0,0,0,0.0878403488730655,0,0
"29",0,0,0,0,0,0,0,0,0,0,0,0,0,0,0,0,0,0,0,0,0,0,0,0,0,0,0,0,0,0,0,0,0,0,0,0,0,0.251576310041189,0,0,0,0,0,0,0,0,0,0.0994282402095143,0,0,0,0,0,0,0,0,0,0,0,0,0,0,0,0,0,-0.00152306797725035,0,0,0,0,0,0,0,0.00710935024561751,0,0,0,0,0,0,0,0,0,0,0,0,0,0,0,0,0,0,0,0,0,0.0568680616448039,0,0,0,0,-0.00721322242462072,0,0,0,0,0,0,0,0,0,0,0,0,0.117037221195176,0,0,0,0,0,0,0,0,0,0,0,0,0
"30",0,0,0,0.0854735721416668,0,0,0.00912600275184741,0,0,0.0188255398598411,0.0455272172899148,0,0,0.0294586023228175,0,0,0.0801499344241198,0,0,0,0,0,0.00752648947291412,0,0,0,0,0,0,0,0,0,0,0,0,0,0,0,0,0,0,0,0,0,0,0,0,0,0,0,0,0,0.010629911704555,0,0.0873073779488943,0,0,0,0,0,0,0,0,0,0,0,0,0,0,0,0,0,0,0,0,0,0.128045508241887,0,0.03944635648689,0,0,0,0,0,0.0387315244134643,0,0,0,0,0,0,0.0420065136607815,0,0.00641113656952147,0,0,0,0,0,0,0,0,0,0,0,0,0,0,0.0279762790500429,0,0,0,0,0,0,0,0,0,0,0,0,0,0.017542480604568,0,0,0,0
"31",0,0,0,0,0,0,0,0,0,0,0,0,0,0,0,0,0,0,0,0,0,0,0,0,0,0,0,0,0,0,0,0,0,0,0,0,0,0,0,0,0,0,0,0,0,0,0,0,0,0,0,0,0,0,0,0,0,0,0,0,0,0,0,0,0,0,0,0,0,0,0,0,0,0,0,0,0.658194754009141,0,0,0,0,0,0,0,0,0,0,0,0,0,0,0,0.101663417792901,0.0130799633074194,0,0,0,0,0,0,0,0,0,0,0,0,0,0,0,0,0,0,0,0,0,0,0,0,0,0,0,0,0,0,0,0,0
"32",0,0,0,0,0,0,0,0,0,0,0,0,0,0,0,0,0.0589170616145398,0,0,0,0,0,0,0,0,0,0.103066466987748,0,0,0,0,0,0,0,0,0.0721140065149356,0,0,0,0,0,0,0,0,0,0,0,0,0,0,0,0,0,0,0,0,0,0,0,0,0,0,0,0,0,0,0,0,0,0,0,0,0.0224521924590789,0,0.14272508743323,0,0,0,0,0,0,0,0,0,0,0,0,0,0,0,0,0,0,0,0.583595768186363,0,0,0.171585215582218,0,0,0,0,0,0,0.0355776479618259,0,0,0,0,0,0,0,0,0,0,0,0,0.100342063794442,0,0.10467700221501,0,0,0,0,0,0,0
"33",0,0,0.0962581777174178,0,0,0,0,0,0,0,0,0,0,0,0,0,0,0,0,0,0,0,0,0,0,0,0,0.0711758702158513,0,0,0,0,0,0,0,0,0,0,0,0,0,0,0.092086505318067,0,0,0,0,0,0,0,0,0,0,0,0,0,0,0,0,0,0,0,0,0,0,0,0,0,0,0,0,0,0,0,0,0,0,0,0,0,0,0,0.00325204475409291,0,0.0835579970333775,0,0,0,0,0,0.0605319578698656,0,0,0,0,0,0,0,0,0,0.122245868593734,0,0,0,0,0,0,0,0.0609880923359872,0,0,0,0,0,0,0,0,0,0,0,0,0,0,0,0,0,0.0489774735241779
"34",0,0,0,0,0,0,0,0.069322003855556,0,0,0,0.145018884469993,0,0,0,0,0,0,0,0,0,0,0,0,0,0,0,0,0,0,0,0,0,0,0,-0.107598002589534,0,0,0,0,0,0,0,0,0,0,0,0,0,0.211897540638576,0,0,0,0,0,0,0,0,0,0.392684511819245,0,0,0,0,0.422089656363275,0,0,0,0,0,0,0,0,0,0,0,0,0,0,0,0,0.0383486758295004,0,0,0,0,0,0,0,0,0,0,0,0,0,0,0,0,0,0,0,0,0,0,0,0,0,0,0,0,0,0,0,0,0,0,0,0,0,0,0,0,0,0,0,0,0
"35",0,0,0,0,0,0,0,0,0,0,0,0,0,0,0,0,0.0929514097929168,0,0,0,0,0,0,0,0.0791292350533149,0,0,0,0,0,0,0,0,0,0,0,0,0,0,0,0,0,0,0,0,0,0,0,0,0,0,0,0,0,0,0,0,0.0458095203287675,0.288482187243229,0,0,0,0,0,0,0,0,0,0,0,0,0,0,0,0,0,0,0,0,0,0,0,0,0,0,0.121523140157836,0,0,0,0,0,0,0,0,0,0,0,0,0,0,0,0,0,0,0,0,0,0,0,0,0,0,0,0,0,0,0,0,0,0,0,0,0,0.0692489950737972,0.552495513096062,0,0.0647437324222405
"36",0,0,0,0,0,0,0,0,0.0170917212055543,0,0,0,0,0,0,0,0,0.0174228810496176,0,0,0,0,0,0,0,0,0,0,0,0,0,0.0721140065149356,0,-0.107598002589534,0,0,0,0,0,0,0,0,0,0,0,0,0,0,0,0,0,0.030772676856629,0,0,0,0.0137438834069145,0.00338673039794141,0,0,0,0,0,0,0,0,0,0,0,0,0,0,0,0,0,0,0,0,0,0,0,0,0,0,0,0,0,0,0,0,0,0,0,0,0,0,0.115152956876032,0,0,0,0,0,0,0,0,0,0,0,0,0,0,0.0760694730785671,0,0,0.0573281852324585,0,0,0,0,0,0,0,0.104858929011806,0,0,0,0,0
"37",0,0,0,0,0,0,0,0,0,0,0,0,0,0.060526983013525,0,0,0,0,0,0,0,0,0.00645938315443909,0,0,0,0,0.0956887087943399,0,0,0,0,0,0,0,0,0,0,0.0938247782013441,0,0,0,0.0546187838365688,0,0,0,0,0,0,0,0,0,0,0,0,0,0,0,0,0,0,0,0,0,0,0,0,0,0,0,0,0,0,0,0,0,0,0,0,0,0,0,0,0,0.062754354253896,0,0,0,0,0,0,0,0.0650837344010416,0,0,0,0.00517347642578578,0,0,0,0,0,0,0,0,0,0,0.0289281041775752,0.0483191092725417,0,0,0,0,0,0,0,0.0693392255136514,0,0,0,0.0158425857465818,0,0,0,0,0,0
"38",0,0,0,0,0,0,0,0,0,0,0,0,0,0,0,0,0,0,0,0,0,0,0,0,0,0,0,0,0.251576310041189,0,0,0,0,0,0,0,0,0,0,0,0,0,0,0,0,0,0,0.318787983473814,0,0,0,0,0,0,0,0,0,0,0,0,0,0,0,0,0,0,0,0,0,0,0,0,0,0.155420602917385,0,0,0,0,0,0,0,0,0,-0.0184248618311384,0,0,0,0.0150036352008311,0,0,0,0,0,0,0,0,0,0,0,0,-0.0180830439885701,0,0,0,0.0201190495773015,0,0,0,0,0,0,0,0,0.0754320076157468,0,0,0,0,0,0.0070356723506213,0,0,0,0,0,0,0.00650687865713262
"39",0,0,0,0.202415968794149,0,0,0.1361665225114,0,0,0.0290615143654239,0.0384657041686659,0,0,0.014804107620545,0,0,0,0,0,0,0,0,0,0,0,0,0,0,0,0,0,0,0,0,0,0,0.0938247782013441,0,0,0,0,0,0,0,0,0,0,0,0,0,0,0,0,0,0,0,0,0,0.0764906798845662,0,0,0,0,0,0,0,0,0,0,0,0,0,0,0.0438704884618366,0,0,0,0,0,0,0,0,0,-0.060847151065165,0,0,0,0.036608318799407,0,0,0,0.0013000748355862,0,0,0,0,0,0,0,0.0955092223065314,0,0,0,0,0,0,0,0.166425118374568,0,0,0,0,0,0,0,-0.0219671349326867,0,0,0,0,0,0,0,0,0,0,0
"40",0,0,0,0,0,0,0,0,0,0,0,0,0,0,0,0,0.0377515148203353,0,0,0,0,0,0,0,0,0,0.0579192729926003,0,0,0,0,0,0,0,0,0,0,0,0,0,0,0,0,0,0,0,0,0,0,0,0,0.021845801068623,0,0,0,0,0,0,0.0208145106719349,0,0,0.016615066857391,0,0,0,0,0,0,0,0,0,0,0,0,0,0,0,0,0,0,0,0,0,0,0,0,0,0,0,0,0,0,0,0,0,0.0427024583846141,0,0,0,0,0,0,0,0,0,0,0,0,0,0,0,0,0,0,0,0,0,0,0,0,0,0,0,0,0,0,0
"41",0,0,0,0,0,0,0,0,0,0.00344419906395965,0,0,0.667323582234361,0,0,0,0,0,0,0,0,0,0.0563619029970941,0,0,0,0,0,0,0,0,0,0,0,0,0,0,0,0,0,0,0,0,0,0,0,0,0,0,0,0,0,0,0,0,0,0,0,0,0,0,0,0,0,0,0.0586651354626846,0,0,0,0,0.226447773310921,0,0,0,0,0,0,0,0,0.00350462074984809,0,0,0,0,0,0,0,0,0.169022502518631,0,0,0,0,0,0,0,0,0,0,0,0,0,0,0,0,0,0,0,0,0,0,0,0,0,0.050989234519782,0,0,0,0,0,0,0,0,0,0,0,0
"42",0,0,0,0,0,0,0,0,0,0,0,0,0,0,0,0,0,0,0,0,0,0,0,0,0,0,0,0,0,0,0,0,0,0,0,0,0,0,0,0,0,0,0,0,0,0,0,0,0,0,0,0,0,0,0,0,0.128726544159546,0,0,0,0,0,0,0.0946870189270763,0,0,0,0,0,0,0,0,0,0,0,0,0,0,0,0,0,0,0,0,0,0,0,0,0,0,0,0,0,0,0,0,0,0,0,0,0,0,0,0,0,0,0,0,0,0,0,0,0,0,0,0,0,0,0,0,0,0.153724937855611,0,0,0,0,0
"43",0,0,0,0,0,0,0,0,0,0,0,0,0,0,0,0,0.0531182535330889,0,0,0,0,0,0,0,0,0,0,0.320034798285174,0,0,0,0,0.092086505318067,0,0,0,0.0546187838365688,0,0,0,0,0,0,0,0,0,0,0,0,0,0,0,0,0,0,0,0,0,0,0,0.117913525744306,0,0,0.0191120470168347,0,0,0,0,0,0,0,0,0,0,0,0,0,0,0,0,0.103323952321393,0,0,0,0.11092927703579,0,0,0,0,0,0,0,0,0,0,0,0,0,0,0,0,0,0,0,0,0,0,0.0104796716113542,0.314174785068626,0,0,0,0,0,0,0,0,0,0,0,0,0.0465779234525227,0,0,0.111140940827382,0,0
"44",0,0,0,0,0.327776333251477,0,0,0,0,0,0,0,0,0,0,0,0,0,0,0,0,0,0,0,0,0,0,0,0,0,0,0,0,0,0,0,0,0,0,0,0,0,0,0,0,0,0,0,0,0,0,0,0,0,0,0,0,0,0,0,0,0,0,0,0,0,0,0,0,0,0,0,0,0,0,0,0,0,0,0,0,0,0,0,0,0,0,0,0,0.28534714544476,0,0,0,0,0,0,0,0,0,0,0,0,0.131936790902097,0.170774111325995,0,0,0,0,0,0,0,0,0,0,0,0.0589949610623528,0,0,0,0,0,0,0,0,0,0,0
"45",0.00149047420694673,0,0,0,0,0,0,0,0,0,0,0,0,0,0,0,0.00505345281345065,0,0,0,0,0,0,0,0,0,0,0,0,0,0,0,0,0,0,0,0,0,0,0,0,0,0,0,0,0,0,0,0,0,0,0,0,0,0,0,0,0,0,0,0,0,0,0,0,0,0,0,0,0,0.530520500712928,0,0,0,0,0,0,0,0,0,0.105088432378405,0,0,0,0,0,0,0,0,0,0,0,0,0,0,0,0,0,0,0,0,0,0,0,0,0.00647309695629358,0,0,0,0,0,0,0,0,0,0,0,0,0,0,0,0,0,0,0,0,0
"46",0,0,0,0,0.179632195280322,0,0,0,0,0,0,0,0,0,0,0.0262321093549945,0,0,0,0,0,0,0,0,0,0,0,0,0,0,0,0,0,0,0,0,0,0,0,0,0,0,0,0,0,0,0,0,0,0,0,0,0,0,0,0,0,0,0,0,0,0,0,0,0,0,0,0,0,0,0,0,0,0,0,0.162594575379266,0,0,0,0,0,0,0,0,0,0,0,0,0,0.185239941752446,0,0,0,0,0,0,0,0,0,0,0,0,0.101459722874943,0,0,0,0,0,0,0,0,0,0,0,0,0.139318570496919,0,0,0,0,0,0,0,0,0,0,0
"47",0,0,0,0,0,0,0,0,0,0,0,0,0,0,0,0,0,0,0,0,0,0,0,0.683323051056593,0,0,0,0,0,0,0,0,0,0,0,0,0,0,0,0,0,0,0,0,0,0,0,0,0,0,0,0,0,0,0,0,0,0,0,0,0.000568510337268874,0,0,0,0,0,0,0,0,0,0,0,0,0,0,0,0,0,0,0,0,0,0,0,0,0.0971134840184665,0,0,0,0,0,0,0,0,0,0,0,0,0,0,0,0,0,0,0,0,0,0,0,0,0,0,0,0,0,0,0,0,0,0,0,0,0,0,0,0,0
"48",0,0,0,0,0,0,0,0,0,0,0,0,0,0,0,0,0,0.0420011363932261,0,0,0,0,0,0,0,0,0,0,0.0994282402095143,0,0,0,0,0,0,0,0,0.318787983473814,0,0,0,0,0,0,0,0,0,0,0,0,0,0,0,0,0,0,0,0,0,0,0,0,0,0.0426976520812705,0,0,0,0,0,0,0,0,0,0,0,0,0,0,0,0,0,0,0,0,0,0,0,0.0275151504357106,0,0,0,0,0,0,0,0.00107191843575261,0,0,0,0,0,0,0,0,0,0,0,0,0,0,0,0,0,0.0272439815695709,0,0,0,0,0,0,0,0,0,0,0,0,0.257277470446063
"49",0,0,0,0,0,0,0,0,0,0,0,0,0,0,0,0,0,0,0,0,0,0,0,0.0531028726168743,0,0,0,0.014608773598018,0,0,0,0,0,0,0,0,0,0,0,0,0,0,0,0,0,0,0,0,0,0,0,0,0,0,0,0,0.186832271637609,0,0,0,0,0,0,0.00825092029115831,0,0,0,0,0,0,0,0,0,0,0,0,0,0,0,0,0,0,0,0,0,0,0,0,0,0,0,0,0,0,0,0,0,0,0,0,0,0,0,0,0,0,0,0,0,0,0,0,0,0,0,0,0,0,0,0,0,0.103517959577008,0,0,0,0,0
"50",0,0,0,0,0,0,0,0,0,0,0,0,0,0,0,0,0,0,0.223536016308443,0,0,0,0,0,0,0,0,0,0,0,0,0,0,0.211897540638576,0,0,0,0,0,0,0,0,0,0,0,0,0,0,0,0,0,0,0,0,0,0,0,0,0,0.0328975972881532,0,0,0,0,0,0,0,0,0,0,0,0,0,0,0,0,0,0,0,-0.0109177903528452,0,0.244781028588738,0,0,0,0,0,0,0,0,0,0,0,0,0,0,0,0,0,0,0,0,0,0.182452084880007,0,0,0,0,0,0,0,0,0,0,0,0,0,0,0,0,0,0,0,0,0,0,0
"51",0,0,0,0,0,0,0,0,0,0,0,0,0,0,0,0,0,0,0,0.00705205168329437,0,0,0,0,0,0,0,0,0,0,0,0,0,0,0,0,0,0,0,0,0,0,0,0,0,0,0,0,0,0,0,0,0,0.636854115108548,0,0,0,0,0,0,0,0,0,0,0,0,0,0,0,0,0,0,0,0,0,0,0,0,0,0.00814471072697873,0,0,0,0,0,0,0,0,0,0,0,0,0,0,0,0,0,0,0,0,0,0,0,0,0,0,0,0,0,0,0,0,0,0,0,0,0,0,0,0,0,0,0,0,0,0,0
"52",0,0,0,0,0,0,0,-0.0439048006601589,0.0686725256311408,0,0,0,0,0,0,0,0,0,0,0,0,0,0,0,0,0,0,0,0,0,0,0,0,0,0,0.030772676856629,0,0,0,0.021845801068623,0,0,0,0,0,0,0,0,0,0,0,0,0,0,0,0,0.00460272857898361,0,0,0,0,0,0,0,0,0,0.355010805121585,0,0,0,0,0,0,0,0,0,0,0,0,0,0,0,0,0,0,0,0,0,0,0,0,0,0,0,0,0,0,0,0,0,0,0,0,0,0.0348281260881513,0,0,0,0,0,0,0,0,0,0,0,0,0,0,0,0,0,0,0,0,0,0
"53",0,0,0,0,0,0,0,0,0,0,0,0,0.0119309320736816,0,0,0,0,0,0,0,0,0.000541348123404395,0,0,0.0775678164978887,0,0,0,0,0.010629911704555,0,0,0,0,0,0,0,0,0,0,0,0,0,0,0,0,0,0,0,0,0,0,0,0,0,0,0,0.0149539261721352,0,0,0,0,0,0,0,0,0,0,0,0,0.0206131030764616,0,0,0,0,0,0,0,0,0.159842295337915,0.0175681310759544,0,0,0,0,0,0,0,0,0,0,0,0.0942050714419436,0,0,0,0,0,0,0,0,0,0,0,0,0.0938390425402113,0,0,0,0,0,0,0,0,0,0,0,0,0,0,0,0,0.0925452503873012,0,0,0,0
"54",0,0,0,0,0,0,0,0,0,0,0,0,0,0,0,0,0,0,0,0,0,0,0,0,0,0,0,0,0,0,0,0,0,0,0,0,0,0,0,0,0,0,0,0,0,0,0,0,0,0,0.636854115108548,0,0,0,0,0,0,0,0,0,0,0.296472174557025,0,0,0,0,0,0,0,0,0,0,0,0,0,0,0,0,0,0,0,0,0,0,0,0,0,0,0,0,0,0,0,0,0,0,0,0,0,0,0,0,0,0,0,0,0,0,0,0,0,0,0,0,0,0,0,0,0,0,0,0,0,0,0,0,0
"55",0,0,0,0,0,0,0,0,0,0,0,0,0,0,0,0,0,0,0,0,0,0,0,0,0,0,0,0,0,0.0873073779488943,0,0,0,0,0,0,0,0,0,0,0,0,0,0,0,0,0,0,0,0,0,0,0,0,0,0,0,0,0,0,0,0,0.00839483446259393,0,0,0,0,0,0,0,0.127384035165646,0,0,0,0,0,0,0,0,0,0,0,0,0,0,0.0143285140514156,0,0,0,0,0,0,0.0370782018608685,0,0,0,0,0,0,0,0,0,0,0,0,0,0,0,0,0,0,0,0,0,0,0,0,0,0,0,0.0736210231357549,0,0,0,0.0225015965348809,0,0
"56",0,0,0,0.0678767286180787,0,0.159091945898524,0,0,0,0,0,0,0,0,0,0,0.0487341601304466,0,0,0,0,0,0.0587366915040707,0,0,0.00822437880065438,0,0,0,0,0,0,0,0,0,0.0137438834069145,0,0,0,0,0,0,0,0,0,0,0,0,0,0,0,0,0,0,0,0,0,0,0.00400583983758551,0,0,0,0,0,0,0,0,0,0,0,0,0,0,0,0,0,0.0388001865321417,0,0.00782432865802968,0,0,0,0,0,0,0,0.093732612567465,0,0,0,0,0.342878661347908,0,0,0,0,0,0,0,0,0,0,0,0,0,0,0,0,0,0.0136585660608139,0,0,0,0,0,0,0,0,0,0,0,0,0,0,0,0,0
"57",0,0,0,0,0,0,0,0,0,0,0,0,0,0,0,0,0,0,0,0,0,0,0,0,0,0,0,0,0,0,0,0,0,0,0,0.00338673039794141,0,0,0,0,0,0.128726544159546,0,0,0,0,0,0,0.186832271637609,0,0,0.00460272857898361,0,0,0,0,0,0,0,0,0,0,0,0.0368888944152247,0,0,0,0,0,0,0,0,0.158557794244391,0,0,0,0,0,0,0,0,0,0.0672246000762527,0,0,0,0,0,0,0,0,0,0,0,0,0,0,0,0,0,0,0,0,0,0,0,0,0,0,0,0,0,0,0,0,0,0,0,0,0.0413748741483944,0,0.301249816983442,0,0,0,0,0.0330805070677439
"58",0.708701613795944,0,0,0,0,0,0,0,0,0,0,0,0,0,0,0,0,0,0,0,0,0,0,0,0,0,0,0,0,0,0,0,0,0,0.0458095203287675,0,0,0,0,0,0,0,0,0,0,0,0,0,0,0,0,0,0.0149539261721352,0,0,0,0,0,0,0,0,0,0,0,0,0,0,0,0,0,0,0,0,0,0,0,0,0,0,0.00742861670049733,0.14508208780523,0,0,0,0,0,0,0,0,0,0,0,0,0,0,0,0,0,0,0,0,0,0,0,0,0,0,0,0,0,0,0,0,0,0,0,0,0,0,0,0,0,0,0,0,0,0
"59",0,0,0,0,0,0,0,0,0,0,0,0,0,0,0,0,0,0,0,0,0,0,0,0,0.701152297974437,0,0,0,0,0,0,0,0,0,0.288482187243229,0,0,0,0.0764906798845662,0.0208145106719349,0,0,0,0,0,0,0,0,0,0,0,0,0,0,0,0.00400583983758551,0,0,0,0,0,0,0,0,0,0,0,0,0,0.0560642224194176,0,0,0,0,0,0,0,0,0,0,0,0,0,0,0,0.0637489067779176,0,0,0,0,0,0,0,0,0,0,0,0,0,0,0,0,0,0,0,0,0,0,0,0,0.0619099516976728,0,0,0,0,0,0.0053530313368822,0,0,0,0,0,0,0,0,0,0.0152203665763464
"60",0,0,0,0,0,0,0,0,0,0,0,0,0,0,0,0.0648620566256973,0,0,0,0,0,0,0,0,0,0,0,0,0,0,0,0,0,0.392684511819245,0,0,0,0,0,0,0,0,0,0,0,0,0,0,0,0.0328975972881532,0,0,0,0,0,0,0,0,0,0,0,0,0,0,0.3153644508015,0,0,0,0,0,0,0,0,-0.030388399174143,0,0,0,0,0,0,0,0,0,0,0,0,0,0,0,0,0,0,0,0,0,0,0,0,0,0,0,0,0,0,0,0,0,0,0,0,0,0,0,0,0,0,0,0,0.00340511998298793,0,0,0,0,0,0,0,0
"61",0,0,0,0,0,0,0.00429187067548156,0,0,0,0,0,0,0,0,0,0.00819466164893418,0,0,0,0,0.117544606725927,0,0,0,0.12262420841894,0,0,0,0,0,0,0,0,0,0,0,0,0,0,0,0,0.117913525744306,0,0,0,0.000568510337268874,0,0,0,0,0,0,0,0,0,0,0,0,0,0,0,0,0,0,0,0,0,0,0,0,0.31614649374807,0,0,0,0,0,0,0,0.0592687843679424,0,0,0,0,0,0,0,0,0,0,0,0,0,0,0,0,0,0,0,0,0,0,0,0,0,0.0112335759767674,0,0,0,0,0,0,0,0,0,0,0,0,0,0,0,0,0,0,0,0,0.00920585259446682
"62",0,0,0,0,0,0,0,0,0,0,0,0,0,0,0.0374721875800358,0,0,0,0,0,0.201220212658728,0,0,0,0,0,0,0,0,0,0,0,0,0,0,0,0,0,0,0.016615066857391,0,0,0,0,0,0,0,0,0,0,0,0,0,0.296472174557025,0,0,0,0,0,0,0,0,0,0,0,0,0,0,0,0,0,0,0,0,0,0,0,0,0,0,0,0,0,0,0,0,0,0.0776834302983444,0,0,0,0,0,0,0,0,0,0,0,0,0,0,0,0,0.147259111650712,0,0,0,0,0,0,0.245902612203785,0,0,0,0,0,0,0,0.14417526002037,0,0,0,0,0,0,0
"63",0,0,0,0,0,0,0,0,0,0,0,0,0,0,0,0,0,0,0,0,0,0,0,0,0,0,0,0,0,0,0,0,0,0,0,0,0,0,0,0,0,0,0,0,0,0,0,0,0,0,0,0,0,0,0.00839483446259393,0,0,0,0,0,0,0,0,0,0,0,0,0,0,0,0,0,0,0,0,0,0,0,0,0,0,0,0,0,0,0,0,0,0,0,0,0,0.0399680236741743,0,0,0,0,0,0,0,0,0,0,0,0,0,0.346705028549061,0,0,0,0,0,0,0,0,0,0.0290152931392144,0,0,0,0.108872804226631,0,0,0,0,0,0
"64",0,0,0,0,0,0,0,0,0,0,0,0,0,0,0,0,0,0.0334723974599413,0,0,0,0,0,0,0,0,0,0,0,0,0,0,0,0,0,0,0,0,0,0,0,0.0946870189270763,0.0191120470168347,0,0,0,0,0.0426976520812705,0.00825092029115831,0,0,0,0,0,0,0,0.0368888944152247,0,0,0,0,0,0,0,0,0,0.0301381775779746,0,0,0,0,0,0.00776810137776951,0,0,0,0,0,0,0,0,0,0,0,0,0,0,0,0,0,0,0,0,0,0.00057813187846531,0,0,0,0,0,0,0,0,0,0,0,0,0,0,0,0,0,0,0,0,0,0,0,0,0,0,0.200064928619392,0,0,0,0,0
"65",0,0,0,0,0,0,0,0,0,0,0,0.161893261492123,0,0,0,0,0,0,0.132965920998665,0,0,0,0,0,0,0,0,0,0,0,0,0,0,0.422089656363275,0,0,0,0,0,0,0,0,0,0,0,0,0,0,0,0,0,0,0,0,0,0,0,0,0,0.3153644508015,0,0,0,0,0,0,0,0,0,0,0,0,0,0,0,0,0,0,0,0,0,0,0,0,0,0,0,0,0,0,0,0,0,0,0,0,0,0,0,0,0,0,0,0,0,0,0,0,0,0,0,0,0,0,0,0,0,0,0,0,0,0,0,0,0,0,0
"66",0,0,0,0,0,0,0,0,0,0,0,0,0,0,0,0,0.0654319478596703,0.0420917755934289,0,0,0,0,0.0143211143061758,0.0870978910563383,0,0,0,0,-0.00152306797725035,0,0,0,0,0,0,0,0,0,0,0,0.0586651354626846,0,0,0,0,0,0,0,0,0,0,0,0,0,0,0,0,0,0,0,0,0,0,0,0,0,0,0,0,0,0.0235558262062966,0,0,0,0,0,0.155839310254032,0,0.00110645508995846,0,0.0593100700441131,0,0,0,0,0,0,0,0,0,0,0,0,0,0,0,0,0,0,0,0,0,0,0,0,0,0,0,0.0686701653871378,0,0,0,0,0,0.0147563066192884,0,0,0,0,0,0,0,0,0,0.172544971071766,0,0
"67",0,0,0,0,0,0,0,0,0.0338542022395733,0,0,0,0,0,0,0,0,0,0,0,0,0,0,0.0161139142488438,0,0,0,0,0,0,0,0,0,0,0,0,0,0,0,0,0,0,0,0,0,0,0,0,0,0,0,0.355010805121585,0,0,0,0,0,0,0,0,0,0,0,0.0301381775779746,0,0,0,0,0,0,0,0,0,0,0.126913644553208,0,0,0,0,0,0,0,0,0,0,0,0,0,0,0,0,0,0,0,0,0,0,0,0,0,0,0,0,0,0.035822690829365,0,0,0,0,0,0,0,0,0,0,0,0,0,0,0,0,0,0,0,0,0,0
"68",0,0.0590082873388381,0,0,0,0,0,0,0,0,0,0,0,0,0.417412038885673,0,0,0,0,0,0,0,0,0,0,0,0,0,0,0,0,0,0,0,0,0,0,0,0,0,0,0,0,0,0,0,0,0,0,0,0,0,0,0,0,0,0,0,0,0,0,0,0,0,0,0,0,0,0,0,0,0,0.0477263309336113,0,0.246141384343666,0,0,0,0,0,0,0,0,0,0,0,0,0,0,0,0,0,0,0,0,0,0,0,0,0,0,0,0,0,0.101092931855806,0,0,0,0,0,0,0,0,0,0,0,0,0,0,0,0,0,0,0,0,0,0
"69",0,0,0,0,0,0,0,0,0,0,0,0,0,0,0,0,0.0450939867302726,0,0,0,0,0,0,0,0,0,0,0,0,0,0,0,0,0,0,0,0,0,0,0,0,0,0,0,0,0,0,0,0,0,0,0,0,0,0,0,0,0,0,0,0,0,0,0,0,0,0,0,0,0,0,0,0,0,0,0,0.00091690571402489,0.300597957183468,0,0,0,0,0,0,0,0,0,0,0,0,0,0,0.0677876906781185,0.15291360465122,0,0,0,0,0,0,0,0,0,0,0,0,0,0,0,0,0,0,0,0,0,0,0,0,0,0,0,0,0,0,0,0,0
"70",0,0,0,0,0,0,0.0871521733906967,0,0,0,0,0,0,0,0,0,0,0,0,0,0,0,0,0,0,0,0,0,0,0,0,0,0,0,0,0,0,0,0,0,0,0,0,0,0,0,0,0,0,0,0,0,0,0,0,0,0,0,0.0560642224194176,0,0,0,0,0,0,0,0,0,0,0,0,0,0,0,0,0,0,0,0,0,0,-0.022460880934517,0,0,0,0,0,0.0646214986906809,0,0,0,0,0,0,0,0,0,0,0,0,0,0,0,0,0,0,0,0,0,0,0,0,0,0,0,0,0,0,-0.0141541120084544,0,0,0,0.0472975586370367,0,0,0.0699209624128593,0
"71",0,0,0,0,0,0,0,0,0,0.037127338644567,0,0,0,0,0,0,0,0,0,0,0,0,0.0344992415351426,0,0,0,0,0,0,0,0,0,0,0,0,0,0,0,0,0,0.226447773310921,0,0,0,0.530520500712928,0,0,0,0,0,0,0,0.0206131030764616,0,0.127384035165646,0,0,0,0,0,0,0,0,0,0,0.0235558262062966,0,0,0,0,0,0,0,0,0,0,0,0,0.0298967918548645,0.08926607611765,0,0,0,0,0,0,0,0,0.376081448624278,0,0,0,0,0,0,0,0,0,0,0,0,0,0,0,0,0.0909854574228127,0,0,0,0,0,0,0,0,0,0,0,0,0,0,0,0,0,0,0,0,0
"72",0,0,0,0,0,0,0,0,0,0,0,0,0,0,0,0,0,0,0,0,0,0,0,0,0,0.169155296071611,0,0,0,0,0,0,0,0,0,0,0,0,0,0,0,0,0,0,0,0,0,0,0,0,0,0,0,0,0,0,0,0,0,0,0.31614649374807,0,0,0,0,0,0,0,0,0,0,0,0,0,0,0,0,0,0,0,0,0,0,0,0,0.0237857022052946,0,0,0,0,0,0,0,0,0,0,0,0,0,0,0,0,0,0,0,0,0,0,0,0,0,0,0,0,0,0,0,0,0,0,0,0.0404448432923013,0,0,0,0,0
"73",0,0,0,0,0,0,0,0,0,0,0,0,0,0,0,0,0,0,0,0,0,0,0,0,0,0,0,0,0,0,0,0.0224521924590789,0,0,0,0,0,0,0,0,0,0,0,0,0,0,0,0,0,0,0,0,0,0,0,0,0.158557794244391,0,0,0,0,0,0,0.00776810137776951,0,0,0,0.0477263309336113,0,0,0,0,0,0,0,0,0,0,0,0,0,0,0,0,0,0,0,0,0,0,0,0,0,0,0,0,0.0164210500196236,0,0,0,0,0,0,0,0,0,0,0,0,0,0,0.0332862528408613,0,0,0,0,0,0,0,0,0,0.0221247855405355,0,0,0,0,0
"74",0,0,0,0,0,0,0,0,0,0,0,0,0,0,0,0,0,0,0,0,0,0,0,0,0,0,0,0,0.00710935024561751,0,0,0,0,0,0,0,0,0.155420602917385,0.0438704884618366,0,0,0,0,0,0,0,0,0,0,0,0,0,0,0,0,0,0,0,0,-0.030388399174143,0,0,0,0,0,0,0,0,0,0,0,0,0,0,0,0,0,0,0,0,0,0,0,0,0,0,0,0,0,0,0,0,0,0,0,0,0,0,0,0,0,0,0,0,0,0,0,0,0,0,0,0,0,0.123638637046886,0,0,0,0,0,0,0,0,0,0,0,0,0
"75",0,0,0,0,0,0,0,0,0,0,0,0,0,0,0,0,0,0,0,0,0,0,0,0,0,0,0,0,0,0,0,0.14272508743323,0,0,0,0,0,0,0,0,0,0,0,0,0,0,0,0,0,0,0,0,0,0,0,0,0,0,0,0,0,0,0,0,0,0,0.126913644553208,0.246141384343666,0,0,0,0,0,0,0,0,0,0,0,0,0,0,0,0,0,0,0,0,0,0,0,0,0,0,0,0,0,0,0,0,0,0,0,0,0.243747974039764,0,0,0,0,0,0,0,0.0111358619409183,0,0,0,0,0,0,0,0,0,0,0,0,0,0
"76",0,0,0,0,0.181570466611744,0,0,0,0,0,0,0,0,0,0,0,0,0,0,0,0,0,0,0,0,0,0,0,0,0,0,0,0,0,0,0,0,0,0,0,0,0,0,0,0,0.162594575379266,0,0,0,0,0,0,0,0,0,0,0,0,0,0,0,0,0,0,0,0,0,0,0,0,0,0,0,0,0,0,0,0,0,0,0,0,0,0,0,0,0,0,0,0.171187469894077,0,0,0,0,0,0,0,0,0,0,0,0,0.144386005702162,0,0,0,0,0,0,0,0,0,0,0,0,0.160651344725834,0,0,0,0,0,0,0,-0.0425296461542342,0,0,0
"77",0,0,0,0.100674683898188,0,0,0.0415923385570808,0,0,0.0133981869368635,0,0,0,0,0,0,0,0,0,0,0,0,0,0,0,0,0,0,0,0.128045508241887,0.658194754009141,0,0,0,0,0,0,0,0,0,0,0,0,0,0,0,0,0,0,0,0,0,0,0,0,0.0388001865321417,0,0,0,0,0,0,0,0,0,0.155839310254032,0,0,0.00091690571402489,0,0,0,0,0,0,0,0,0,0,0,0,0,0,-0.0156296818281242,0,0,0,0,0,0,0,0,0,0.0575750099240316,0,0,0.036188328658294,0,0,0.0658488047401622,0,0,0,0,0,0,0,0.0620685065660202,0,0,0,0,0,0,0,0,0.0259719281619578,0,0,0,0,0,0,0,0,0,0
"78",0,0,0,0,0,0.0722255511378498,0,0,0,0,0,0,0,0,0,0,0,0,0,0,0,0,0,0,0,0,0,0,0,0,0,0,0,0,0,0,0,0,0,0,0,0,0,0,0,0,0,0,0,0,0,0,0,0,0,0,0,0,0,0,0,0,0,0,0,0,0,0,0.300597957183468,0,0,0,0,0,0,0,0,0,0,0,0.03158028283294,0,0,0,0,0,0,0,0,0,0,0,0,0,0,0,0,0,0,0,0,0,0,0,0,0,0,0,0,0,0,0,0,0,0,0,0,0,0,0,0,0,0,0,0,0,0
"79",0,0,0,0,0,0,0,0,0,0,0,0,0,0.0667196590484585,0,0,0.0528184493477942,0.00536237418815866,0,0,0,0.00457664953854858,0,0,0,0,0,0.0314417557864716,0,0.03944635648689,0,0,0,0,0,0,0,0,0,0,0,0,0,0,0,0,0,0,0,0,0,0,0,0,0,0.00782432865802968,0,0,0,0,0,0,0,0,0,0.00110645508995846,0,0,0,0,0.0298967918548645,0,0,0,0,0,0,0,0,0.0501172365034561,0,0,0,0,0,0,0,0,0,0,0,0,0,0,0,0.00770181515510415,0,0,0,0,0,0,0,0,0,0.0251838188791105,0,0,0,0,0.0217576428594529,0,0,0,0,0,0,0,0,0,0.030042187997938,0,0,0.298299883640285,0,0,0
"80",0,0,0,0,0,0,0,0,0,0,0,0,0.0324841901542143,0,0,0,0,0,0,0,0,0,0,0,0.0476150180794046,0,0,0.0740502687855529,0,0,0,0,0,0,0,0,0,0,0,0,0.00350462074984809,0,0,0,0,0,0,0,0,-0.0109177903528452,0.00814471072697873,0,0.159842295337915,0,0,0,0,0.00742861670049733,0,0,0.0592687843679424,0,0,0,0,0,0,0,0,0,0.08926607611765,0,0,0,0,0,0,0,0.0501172365034561,0,0,0,0,0,0,0.0347600378235348,0,0,0,0,0,0,0,0,0,0,0,0,0,0,0,0,0,0,0,0.0834306911718865,0,0,0,0,0.0512340145773661,0,0,0,0,0,0,0,0,0,0.0949441498990674,0,0,0.0699888562079025,0,0,0
"81",0,0,0,0,0,0,0,0,0,0,0,0,0.0365900570654627,0,0,0,0,0,0,0,0,0,0,0,0,0,0,0,0,0,0,0,0,0,0,0,0,0,0,0,0,0,0.103323952321393,0,0.105088432378405,0,0,0,0,0,0,0,0.0175681310759544,0,0,0,0,0.14508208780523,0,0,0,0,0,0,0,0.0593100700441131,0,0,0,0,0,0,0,0,0,0,0,0.03158028283294,0,0,0,0,0,0,0,0,0,0,0,0,0.058569867815012,0,0,0,0,0,0,0,0,0,0,0,0,0,0,0,0,0,0.0788987863224327,0,0,0,0,0,0,0,0,0,0,0,0,0.0013639971477494,0,0,0,0,0
"82",0,0,0,0,0,0,0,0,0,0,0,0.215634161460686,0,-0.035033433942666,0,0.0767614060629699,0,0,0.0749497261402736,0,0,0,-0.0794529217449232,0,0,0,0,0,0,0,0,0,0,0.0383486758295004,0,0,0,0,0,0,0,0,0,0,0,0,0,0,0,0.244781028588738,0,0,0,0,0,0,0,0,0,0,0,0,0,0,0,0,0,0,0,-0.022460880934517,0,0,0,0,0,0,0,0,0,0,0,0,0,0,0,0,0,0,0,0,0,0,0,0,0,0,0,0,0,0,0,0,0,0.0902681511453779,0,-0.069819725362773,0,0,0,0,0,0,0,0,0,0,0,0,0.19195739180848,0,0,0,0,0,0,0,0
"83",0,0.0162684281374723,0,0,0,0,0,0,0,0,0,0,0,0,0.00012961237195816,0,0,0,0,0,0,0,0,0,0,0,0,0,0,0,0,0,0.00325204475409291,0,0,0,0,0,0,0,0,0,0,0,0,0,0,0,0,0,0,0,0,0,0,0,0.0672246000762527,0,0,0,0,0,0,0,0,0,0,0,0,0,0,0,0,0,0,0,0,0,0,0,0,0,0,0,0.0356284189435168,0,0,0,0,0,0,0,0,0,0.00498448758980002,0,0,0.0743588032802025,0,0,0,0,0,0,0,0,0,0,0,0,0,0.00321137694462403,0,0,0,0,0,0,0,0,0,0,0,0,0,0,0
"84",0,0,0,0,0,0,0,0,0,0,0,0.00522933396554759,0,0,0,0.0861379268054502,0,0,0,0,0,0,0,0,0,0,0,0,0,0,0,0,0,0,0,0,0,-0.0184248618311384,-0.060847151065165,0,0,0,0,0,0,0,0,0,0,0,0,0,0,0,0,0,0,0,0,0,0,0,0,0,0,0,0,0,0,0,0,0,0,0,0,0,-0.0156296818281242,0,0,0,0,0,0,0,0,0,0,0,0,0,0,0,0,0,0,0,0,0,0,0,0,0,0,0,0,-0.000357498190980438,0,0,0,0,0,0,0,0,0,0,0,0,0,0,0,0,0,0,0,0,0
"85",0,0,0,0,0,0,0,0,0,0,0,0,0,0,0,0,0,0,0,0,0,0,0,0.0426617288605307,0,0,0,0.194026308179068,0,0.0387315244134643,0,0,0.0835579970333775,0,0,0,0.062754354253896,0,0,0,0,0,0.11092927703579,0,0,0,0,0,0,0,0,0,0,0,0,0,0,0,0,0,0,0,0,0,0,0,0,0,0,0,0,0,0,0,0,0,0,0,0,0,0,0,0.0356284189435168,0,0,0,0,0,0,0,0,0,0,0,0,0,0,0,0,0.0222029616069657,0,0,0,0,0,0,0.0806989346507063,0.0134049396959488,0,0,0,0,0,0,0,0,0.0556177897676977,0,0,0,0,0,0,0,0,0,0
"86",0,0,0,0,0,0,0,0,0,0.0066453315573734,0,0,0,0,0,0,0,0,0,0,0,0,0,0.485470107836685,0.0400643889010713,0,0,0,0,0,0,0,0,0,0.121523140157836,0,0,0,0,0,0,0,0,0,0,0,0.0971134840184665,0,0,0,0,0,0,0,0.0143285140514156,0,0,0,0.0637489067779176,0,0,0,0,0,0,0,0,0,0,0,0,0.0237857022052946,0,0,0,0,0,0,0,0.0347600378235348,0,0,0,0,0,0,0,0,0,0,0,0,0,0,0,0,0,0,0,0,0,0,0,0,0,0,0,0,0.0384237207256083,0,0,0,0,0,0,0,0,0,0,0,0,0,0,0,0,0,0
"87",0,0,0,0,0,0,0,0,0,0,0.493032554075038,0,0,0,0,0,0,0,0,0,0,0,0,0,0,0,0,0,0,0,0,0,0,0,0,0,0,0,0,0,0,0,0,0,0,0,0,0,0,0,0,0,0,0,0,0.093732612567465,0,0,0,0,0,0,0,0,0,0,0,0,0,0,0,0,0,0,0,0,0,0,0,0,0,0,0,0,0,0,0,0,0,0,0,0,0.0730417561330746,0,0,0,0,0,0.00645403006265954,0,0,0,0,0,0,0,0,0,0,0.378666041077045,0,0,0,0,0,0,0,0,0,0,0,0,0.0207241548275317,0,0,0,0
"88",0,0,0,0,0,0,0,0,0,0,0,0,0,0,0,0,0,0,0,0,0,0,0,0,0,0,0,0,0,0,0,0,0,0,0,0,0,0.0150036352008311,0.036608318799407,0,0,0,0,0,0,0,0,0.0275151504357106,0,0,0,0,0,0,0,0,0,0,0,0,0,0.0776834302983444,0,0,0,0,0,0,0,0.0646214986906809,0,0,0,0,0,0,0,0,0,0,0,0,0,0,0,0,0,0,0,0,0,0,0,0,0,0,0,0,0,0,0,0,0,0,0,0,0,0,0,0,0,0,0,0.204319273376181,0,0,0,0,0,0,0,0,0,0,0,0,0
"89",0,0,0,0.019732610096378,0,0.0494611430560773,0,0,0,0,0,0,0.171640087522148,0,0,0,0,0,0,0.073709948781755,0,0.00850708485316087,0.136328315612567,0,0,0,0,0,0,0,0,0,0,0,0,0,0,0,0,0,0.169022502518631,0,0,0,0,0,0,0,0,0,0,0,0,0,0,0,0,0,0,0,0,0,0,0,0,0,0,0,0,0,0.376081448624278,0,0,0,0,0,0,0,0,0,0,0,0,0,0,0,0,0,0,0,0,0,0.0432126176058356,0,0,0,0,0,0,0,0,0,0,0,0,0,0,0,0,0,0,0,0,0,0.017792337174591,0,0,0,0,0,0,0,0,0,0,0.00110166401929215,0
"90",0,0,0,0,0.458063746592052,0,0,0,0,0,0,0,0,0,0,0,0,0,0,0,0,0,0,0,0,0,0,0,0,0,0,0,0,0,0,0,0,0,0,0,0,0,0,0.28534714544476,0,0.185239941752446,0,0,0,0,0,0,0,0,0,0,0,0,0,0,0,0,0,0,0,0,0,0,0,0,0,0,0,0,0,0.171187469894077,0,0,0,0,0,0,0,0,0,0,0,0,0,0,0,0,0,0,0,0,0,0,0,0,0,0,0.439338115213089,0.0446765956448528,0,0,0,0,0,0,0,0,0,0,0,0.173806987692996,0,0,0,0,0,0,0,0,0,0,0
"91",0,0,0,0,0,0,0.0127661645353939,0,0,0,0,0,0,0,0,0,0.163704032034971,0,0,0,0,0,0,0,0,0.0698345330205828,0,0,0,0,0,0,0.0605319578698656,0,0,0,0,0,0,0,0,0,0,0,0,0,0,0,0,0,0,0,0,0,0,0,0,0,0,0,0,0,0,0,0,0,0,0,0,0,0,0,0,0,0,0,0,0,0,0,0.058569867815012,0,0,0,0,0,0,0,0,0,0,0.00493113165973044,0,0,0,0,0,0,0,0,0,0.0362235698579944,0,0,0,0.00567431433981264,0,0,0,0,0,0,0,0,0.01386578913391,0,0,0,0,0,0,0,0,0,0,0,0
"92",0,0,0,0.00713873649253216,0,0,0.0586208367778712,0,0,0,0.00623971982582139,0,0,0.0630780185101504,0,0,0,0,0,0,0,0,0,0,0,0,0,0,0,0.0420065136607815,0,0,0,0,0,0,0,0,0.0013000748355862,0,0,0,0,0,0,0,0,0,0,0,0,0,0,0,0,0.342878661347908,0,0,0,0,0,0,0,0,0,0,0,0,0,0,0,0,0,0,0,0,0,0,0,0,0,0,0,0,0,0,0,0,0,0,0.00493113165973044,0,0.0882511843907395,0,0,0,0.176514080880673,0,0,0,0,0,0,0,0,0,0,0,0,0,0,0,0,0.00847947918960326,0,0,0,0,0,0,0,0,0,0,0,0,0
"93",0,0,0,0.190656408944273,0,0,0.00412563565192703,0,0,0,0,0,0,0.0285017473748867,0,0,0,0,0,0.0891349291760401,0,0,0,0,0,0,0,0,0,0,0.101663417792901,0,0,0,0,0,0.0650837344010416,0,0,0,0,0,0,0,0,0,0,0,0,0,0,0,0.0942050714419436,0,0.0370782018608685,0,0,0,0,0,0,0,0.0399680236741743,0,0,0,0,0,0.0677876906781185,0,0,0,0,0,0,0,0,0,0,0,0,0,0,0,0,0,0.0730417561330746,0,0.0432126176058356,0,0,0.0882511843907395,0,0,0,0,0,0,0,0,0,0,0,0,0,0,0,0,0,0,0,0,0,0,0,0,0.256938555243822,0,0,0,0.115727107645269,0,0,0,0,0,0
"94",0,0,0,0,0,0,0,0,0,0,0,0,0,0,0,0,0,0,0,0,0,0,0,0,0,0,0,0,0,0.00641113656952147,0.0130799633074194,0,0,0,0,0,0,0,0,0,0,0,0,0,0,0,0,0,0,0,0,0,0,0,0,0,0,0,0,0,0,0,0,0,0,0,0,0,0.15291360465122,0,0,0,0,0,0,0,0.0575750099240316,0,0,0,0,0,0,0,0,0,0,0,0,0,0,0,0,0,0,0,0,0,0,0,0,0,0,0,0,0,0,0,0,0,0,0,0,0,0,0,0,0,0,0,0,0,0.0172604437511222,0,0,0.0257079244375809,0
"95",0,0.02008339320726,0,0,0,0,0,0,0,0,0,0,0,0,0,0,0,0,0,0,0,0,0,0,0,0,0,0,0,0,0,0.583595768186363,0,0,0,0,0,0,0,0,0,0,0,0,0,0,0,0,0,0,0,0,0,0,0,0,0,0,0,0,0,0,0,0.00057813187846531,0,0,0,0,0,0,0,0,0,0,0,0,0,0,0,0,0,0,0.00498448758980002,0,0,0,0,0,0,0,0,0,0,0,0,0,0,0.165255279076776,0,0,0,0,0,0,0,0,0,0,0,0,0,0.265133297351822,0,0,0,0,0,0,0,0,0,0.0607937331588468,0,0,0,0,0
"96",0,0,0,0,0,0,0.0330606120581011,0,0,0,0,0,0,0,0,0,0,0,0,0,0,0,0,0,0,0.0983444188739643,0,0,0.0568680616448039,0,0,0,0,0,0,0.115152956876032,0,0,0,0.0427024583846141,0,0,0,0,0,0,0,0.00107191843575261,0,0,0,0,0,0,0,0,0,0,0,0,0,0,0,0,0,0,0,0,0,0,0,0,0,0,0,0,0,0,0.00770181515510415,0,0,0,0,0,0,0,0,0,0,0,0,0,0,0,0,0,0,0,0,0,0,0,0,0,0,0,0,0,0,0,0,0,0,0,0,0,0,0,0,0,0,0,0,0,0,0,0.0612459986824995
"97",0,0,0.00844313694684012,0,0,0,0,0,0,0,0,0,0,0,0,0,0.0384683060293323,0,0,0,0,0,0,0.0899798666367817,0,0,0,0,0,0,0,0,0,0,0,0,0.00517347642578578,0,0,0,0,0,0,0,0,0,0,0,0,0,0,0,0,0,0,0,0,0,0,0,0,0,0,0,0,0,0,0,0,0,0,0,0.0164210500196236,0,0,0,0.036188328658294,0,0,0,0,0,0,0,0,0,0,0,0,0,0,0.176514080880673,0,0,0,0,0,0,0,0,0,0,0,0,0,0,0,0,0,0,0,0,0,0,0.0223910700236568,0,0,0,0,0,0,0,0,0,0,0,0
"98",0,0,0,0,0,0,0,0,0,0,0,0,0,0,0,0,0,0,0,0,0,0,0,0,0,0,0,0,0,0,0,0.171585215582218,0,0,0,0,0,0,0,0,0,0,0,0,0,0,0,0,0,0,0,0,0,0,0,0,0,0,0,0,0,0,0,0,0,0,0,0,0,0,0,0,0,0,0,0,0,0,0,0,0,0,0.0743588032802025,0,0,0,0,0,0,0,0,0,0,0,0.165255279076776,0,0,0,0,0,0,0,0,0,0,0,0,0,0,0,0,0,0,0,0,0,0,0,0,0.0548613257215841,0,0,0,0,0,0,0
"99",0,0,0,0,0,0,0,0,0,0,0,0,0,0,0,0,0,0,0,0,0,0,0,0,0,0,0,0,0,0,0,0,0,0,0,0,0,0,0,0,0,0,0,0,0,0,0,0,0,0,0,0,0,0,0,0,0,0,0,0,0,0,0,0,0,0,0,0,0,0,0,0,0,0,0,0,0,0,0,0,0,0,0,0,0,0,0.00645403006265954,0,0,0,0,0,0,0,0,0,0,0,0,0,0,0,0,0,0,0,0,0,0,0,0,0,0,0,0,0,0,0,0,0,0,0,0.550135367846615,0,0,0.0361534302123966,0
"100",0,0,0,0.0605378360666496,0,0.0301104128646173,0,0,0,0,0,0,0,0.104413891654807,0,0,0,0,0,0,0,0,0,0,0,0,0,0,0,0,0,0,0,0,0,0,0,0,0.0955092223065314,0,0,0,0,0,0,0,0,0,0,0,0,0,0,0,0,0,0,0,0,0,0,0,0,0,0,0,0,0,0,0,0,0,0,0,0,0,0.0658488047401622,0,0,0,0,0,0,0,0.0222029616069657,0,0,0,0,0,0,0,0,0,0,0,0,0,0,0,0,0,0,0,0,0,0,0.0183151607043559,0,0,0,0,0,0,0,0,0,0,0,0,0,0,0,0,0,0,0
"101",0,0,0,0,0,0,0,0,0,0,0,0,0,0,0,0,0,0,0,0,0,0,0,0,0,0,0,0.0856292281712056,-0.00721322242462072,0,0,0,0.122245868593734,0,0,0,0,-0.0180830439885701,0,0,0,0,0,0,0,0,0,0,0,0,0,0,0,0,0,0,0,0,0,0,0,0,0,0,0,0,0,0,0,0,0,0,0,0,0,0,0,0,0,0,0,0,0,0,0,0,0,0,0,0,0,0,0,0,0,0,0,0,0,0,0,0,0,0,0,0,0,0,0.106917246572737,0,0,0,0,0,0,0,0,0,0,0,0,0.0241280927280192,0,0,0,0,0
"102",0,0,0,0,0,0,0,0,0,0,0,0,0,0,0,0,0,0,0,0,0,0,0,0,0,0,0,0,0,0,0,0,0,0,0,0,0,0,0,0,0,0,0,0,0,0,0,0,0,0,0,0,0,0,0,0,0,0,0,0,0,0,0,0,0,0,0,0,0,0,0,0,0,0,0,0,0,0,0,0,0,0,0,0,0,0,0,0,0,0,0.0362235698579944,0,0,0,0,0,0,0,0,0,0,0,0,0,0,0,0,0,0,0,0,0,0,0,0,0,0,0,0,0,0,0,0,0,0,0,0
"103",0,0,0,0,0.219350376067466,0,0,0,0,0,0,0,0,0,0,0,0,0,0,0,0,0,0,0,0,0,0,0,0,0,0,0,0,0,0,0,0,0,0,0,0,0,0,0.131936790902097,0,0.101459722874943,0,0,0,0,0,0,0,0,0,0,0,0,0,0,0,0,0,0,0,0,0,0,0,0,0,0,0,0,0,0.144386005702162,0,0,0,0,0,0,0,0,0,0,0,0,0,0.439338115213089,0,0,0,0,0,0,0,0,0,0,0,0,0,0,0,0,0,0,0,0,0,0,0,0,0,0.241563650060686,0,0,0.0852255484141744,0,0,0,0,0,0,0,0
"104",0,0,0,0,0.0940135726049633,0,0,0,0,0,-0.0386692698434699,0,0,0,0,0.1677846014169,0,0,0,0,0,0,0,0,0,0,0,0,0,0,0,0,0,0,0,0,0,0,0,0,0,0,0,0.170774111325995,0,0,0,0,0,0.182452084880007,0,0,0,0,0,0,0,0,0,0,0,0,0,0,0,0,0,0,0,0,0,0,0,0,0,0,0,0,0,0,0,0.0902681511453779,0,0,0,0,0,0,0,0.0446765956448528,0,0,0,0,0,0,0,0,0,0,0,0,0,0,0,0,0,-0.0571001419187199,0,0,0,0,0,0,0,0.0550936663349725,0,0,0.101177599609477,0,0,0,0,-0.029555570374978,0,0,0
"105",0,0.0322912933933183,0,0,0,0,0,0,0,0,0,0,0,0,0.0922027410963915,0,0,0,0,0,0,0,0,0,0,0,0,0,0,0,0,0.0355776479618259,0,0,0,0,0,0.0201190495773015,0,0,0,0,0,0,0,0,0,0,0,0,0,0.0348281260881513,0,0,0,0,0,0,0,0,0,0.147259111650712,0,0,0,0,0.035822690829365,0.101092931855806,0,0,0,0,0,0,0.243747974039764,0,0,0,0,0,0,0,0,0,0,0,0,0,0,0,0,0,0,0,0,0,0,0,0,0,0,0,0,0,0,0,0,0,0,0,0,0,0.112514482823389,0,0,0,0,0,0,0.0490138703320515,0,0,0,0,0,0,0
"106",0.058866906406023,0,0,0,0,0,0,0,0,0,0,0,0,0,0,0,0,0,0,0,0,0.137331425158115,0,0,0.0121963076839814,0.0748628286450886,0,0,0,0,0,0,0,0,0,0,0,0,0,0,0,0,0,0,0.00647309695629358,0,0,0,0,0,0,0,0.0938390425402113,0,0,0,0,0,0,0,0.0112335759767674,0,0,0,0,0,0,0,0,0,0.0909854574228127,0,0,0,0,0,0,0,0.0251838188791105,0.0834306911718865,0,-0.069819725362773,0,-0.000357498190980438,0,0,0,0,0,0,0.00567431433981264,0,0,0,0,0,0,0,0,0,0,0,0,0,0,0,0,0,0,0,0,0,0,0,0,0,0,0,0,0,0,0,0,0,0,0,0.0151240610299074
"107",0.0266310051957427,0,0,0,0,0,0.0712091829222952,0,0,0,0,0,0,0,0,0,0,0,0,0,0,0,0,0,0,0,0,0,0,0,0,0,0,0,0,0,0,0,0,0,0,0,0,0,0,0,0,0,0,0,0,0,0,0,0,0,0,0,0,0,0,0,0.346705028549061,0,0,0,0,0,0,0,0,0,0,0,0,0,0,0,0,0,0,0,0,0,0.0806989346507063,0,0,0,0,0,0,0,0,0,0,0,0,0,0,0,0,0,0,0,0,0,0,0,0.0282551835383142,0,0,0,0,0,0,0,0,0,0,0,0,0,0,0,0,0,0
"108",0,0,0,0,0,0,0,0,0,0,0,0,0,0.069017493491951,0,0,0,0,0,0,0,0,0,0,0,0,0,0,0,0,0,0,0,0,0,0,0.0289281041775752,0,0.166425118374568,0,0,0,0.0104796716113542,0,0,0,0,0,0,0,0,0,0,0,0,0,0,0,0,0,0,0,0,0,0,0,0,0,0,0,0,0,0,0,0,0,0.0620685065660202,0,0,0,0,0,0,0,0.0134049396959488,0,0,0,0,0,0,0,0,0,0,0,0,0,0,0.0183151607043559,0,0,0,-0.0571001419187199,0,0,0,0,0,0,0,0,0,0,0,0,0.0123298565749507,0,0,0,0,0,0,0,0,0,0
"109",0,0,0,0.0573378386211976,0,0,0,0,0,0,0,0,0,0,0,0,0,0.0560769033862426,0,0,0,0,0,0.0462538179522755,0,0,0,0,0,0.0279762790500429,0,0,0.0609880923359872,0,0,0,0.0483191092725417,0,0,0,0,0,0.314174785068626,0,0,0,0,0,0,0,0,0,0,0,0,0,0,0,0,0,0,0,0,0,0,0.0686701653871378,0,0,0,0,0,0,0,0,0,0,0,0,0,0,0.0788987863224327,0,0,0,0,0.0384237207256083,0,0,0,0,0,0,0,0,0,0,0,0,0,0,0.106917246572737,0,0,0,0,0,0.0282551835383142,0,0,0,0,0,0,0,0,0,0,0,0,0,0.0307521771408828,0.0105947666580267,0,0,0,0,0
"110",0,0,0,0,0,0,0,0,0,0,0.165325729373655,0,0,0,0,0,0,0,0,0,0,0,0,0,0,0,0,0,0,0,0,0,0,0,0,0,0,0,0,0,0,0,0,0,0,0,0,0,0,0,0,0,0,0,0,0.0136585660608139,0,0,0,0,0,0,0,0,0,0,0,0,0,0,0,0,0,0,0,0,0,0,0,0,0,0,0,0,0,0,0.378666041077045,0,0,0,0,0,0,0,0,0,0,0,0,0,0,0,0,0,0,0,0,0,0,0,0,0,0,0,0,0,0.0101960179127723,0,0,0,0,0,0,0,0,0,0
"111",0,0,0,0,0,0,0,0,0,0,0,0,0.0078733355874758,0,0.00401064359872838,0,0,0,0,0,0,0,0,0,0,0,0,0,0,0,0,0,0,0,0,0.0760694730785671,0,0,0,0,0,0,0,0,0,0,0,0,0,0,0,0,0,0,0,0,0,0,0.0619099516976728,0,0,0,0,0,0,0,0,0,0,0,0,0,0,0,0,0,0,0,0.0217576428594529,0.0512340145773661,0,0,0,0,0,0,0,0,0,0,0,0,0,0,0,0,0,0,0,0,0,0,0,0,0,0,0,0,0,0,0,0,0,0,0,0,0,0,0,0,0,0,0,0,0,0,0.0152194254427548
"112",0,0,0,0,0,0,0,0,0,0,0,0,0,0,0,0,0,0,0,0,0,0,0,0,0,0,0,0,0,0,0,0,0,0,0,0,0,0,0,0,0,0,0,0,0,0,0,0,0,0,0,0,0,0,0,0,0,0,0,0,0,0.245902612203785,0,0,0,0,0,0,0,0,0,0,0.0332862528408613,0,0,0,0,0,0,0,0,0,0.00321137694462403,0,0,0,0,0,0,0,0,0,0,0,0.265133297351822,0,0,0,0,0,0,0,0,0,0,0,0,0,0,0,0,0,0,0,0,0,0,0,0,0,0,0.0194166157936988,0,0,0,0,0
"113",0,0,0,0,0,0,0,0,0,0,0,0,0,0,0.125460746277981,0,0,0,0,0,-0.0400066202088633,0,0,0,0,0.0215972911607399,0,0,0,0,0,0,0,0,0,0,0,0,0,0,0,0,0,0,0,0,0,0,0,0,0,0,0,0,0,0,0,0,0,0,0,0,0,0,0,0,0,0,0,0,0,0,0,0,0.0111358619409183,0,0,0,0,0,0,0,0,0,0,0,0,0,0,0,0,0,0,0,0,0,0,0,0,0,0,0,0,0,0.112514482823389,0,0,0,0,0,0,0,0,0,0,0,0,0,0,0,0,0,0,0,0,0,0
"114",0,0,0,0,0,0,0.0183024877797782,0,0,0,0,0,0,0,0,0,0,0,0,0,0,0,0,0,0,0,0,0,0.117037221195176,0,0,0,0,0,0,0.0573281852324585,0,0.0754320076157468,0,0,0,0,0,0,0,0,0,0.0272439815695709,0,0,0,0,0,0,0,0,0,0,0,0,0,0,0,0,0,0,0,0,0,0,0,0,0,0.123638637046886,0,0,0,0,0,0,0,0,0,0,0,0,0,0.204319273376181,0,0,0,0.00847947918960326,0,0,0,0,0,0,0,0,0,0,0,0,0,0,0,0,0,0,0,0,0,0,0,0,0,0,0,0,0,0,0,0,0,0,0.0082858992346897
"115",0,0,0,0,0,0,0,0,0,0,0,0,0,0,0,0,0.0074174594132165,0,0,0,0,0,0,0.0789054380198969,0,0,0,0,0,0,0,0,0,0,0,0,0,0,0,0,0.050989234519782,0,0,0,0,0,0,0,0,0,0,0,0,0,0,0,0,0,0,0,0,0,0,0,0,0.0147563066192884,0,0,0,0,0,0,0,0,0,0,0,0,0,0,0,0,0,0,0,0,0,0,0.017792337174591,0,0.01386578913391,0,0,0,0,0,0.0223910700236568,0,0,0,0,0,0,0,0,0,0,0,0,0,0,0,0,0,0,0,0,0,0,0,0,0,0,0,0,0,0
"116",0,0,0,0,0.108303653857521,0,0,0,0,0,0,0,0,0,0,0,0,0,0,0,0,0,0,0,0,0,0,0,0,0,0,0,0,0,0,0,0,0,-0.0219671349326867,0,0,0,0,0.0589949610623528,0,0.139318570496919,0,0,0,0,0,0,0,0,0,0,0,0,0,0,0,0,0,0,0,0,0,0,0,0,0,0,0,0,0,0.160651344725834,0,0,0,0,0,0,0,0,0,0,0,0,0,0.173806987692996,0,0,0,0,0,0,0,0,0,0,0,0,0.241563650060686,0.0550936663349725,0,0,0,0,0,0,0,0,0,0,0,0,0,0,0,0,0,0,0,0,0,0,0
"117",0,0,0,0,0,0,0,0,0,0,0.0543901310176632,0,0,0,0,0,0,0,0,0,0,0,0,0,0,0,0,0,0,0,0,0,0,0,0,0,0.0693392255136514,0,0,0,0,0,0,0,0,0,0,0,0,0,0,0,0,0,0,0,0,0,0.0053530313368822,0,0,0,0.0290152931392144,0,0,0,0,0,0,0,0,0,0,0,0,0,0.0259719281619578,0,0,0,0,0,0,0,0.0556177897676977,0,0,0,0,0,0,0,0.256938555243822,0,0,0,0,0,0,0,0,0,0,0,0,0,0,0.0123298565749507,0,0.0101960179127723,0,0,0,0,0,0,0,0,0,0,0,0,0,0,0,0,0
"118",0,0,0,0,0,0,0,0,0,0.00134661081206136,0,0,0,0,0,0,0,0,0,0,0.02509454575309,0,0,0,0,0,0.137568511407842,0,0,0,0,0.100342063794442,0,0,0,0,0,0,0,0,0,0,0,0,0,0,0,0,0,0,0,0,0,0,0,0,0,0,0,0,0,0,0,0,0,0,0,0,0,0,0,0,0,0,0,0,0,0,0,0,0,0,0,0,0,0,0,0,0,0,0,0,0,0,0,0,0,0,0,0,0,0,0,0,0,0,0,0,0,0,0,0,0,0,0,0,0,0,0,0,0,0,0,0,0,0,0
"119",0,0,0,0,0.0662216309060189,0,0,0,0,0,0,0.146630438191598,0,0,0,0.220797633131125,0,0,0,0,0,0,0,0,0,0,0,0,0,0,0,0,0,0,0,0,0,0,0,0,0,0,0,0,0,0,0,0,0,0,0,0,0,0,0,0,0,0,0,0.00340511998298793,0,0,0,0,0,0,0,0,0,-0.0141541120084544,0,0,0,0,0,0,0,0,0,0,0,0.19195739180848,0,0,0,0,0,0,0,0,0,0,0,0,0,0,0,0,0,0,0,0,0.0852255484141744,0.101177599609477,0,0,0,0,0,0,0,0,0,0,0,0,0,0,0,0,-0.00201201234567724,0,0,0,0,0,0
"120",0,0,0,0,0,0,0,0,0,0,0,0,0,0,0,0,0,0,0,0,0,0,0,0,0,0,0.688521195020695,0,0,0,0,0.10467700221501,0,0,0,0,0,0.0070356723506213,0,0,0,0,0,0,0,0,0,0,0,0,0,0,0,0,0,0,0.0413748741483944,0,0,0,0,0.14417526002037,0,0,0,0,0,0,0,0,0,0,0,0,0,0,0,0,0,0,0,0,0,0,0,0,0,0,0,0,0,0,0,0,0,0,0,0.0548613257215841,0,0,0,0,0,0,0.0490138703320515,0,0,0,0,0,0,0,0,0,0,0,0,0,0,0,0,0,0,0,0,0,0
"121",0.0201284253572188,0,0,0.0876541200137968,0,0,0,0,0,0,0.0159671596747247,0,0,0.0453833319478034,0,0,0,0,0,0.0770024751219373,0,0.020138908866898,0,0,0.0215095249524076,0.054915747791798,0,0,0,0,0,0,0,0,0,0,0.0158425857465818,0,0,0,0,0,0,0,0,0,0,0,0,0,0,0,0,0,0.0736210231357549,0,0,0,0,0,0,0,0.108872804226631,0,0,0,0,0,0,0,0,0,0,0,0,0,0,0,0.030042187997938,0.0949441498990674,0,0,0,0,0,0,0,0,0,0,0,0,0.115727107645269,0,0,0,0,0,0,0,0,0,0,0,0,0,0,0,0.0307521771408828,0,0,0,0,0,0,0,0,0,-0.00201201234567724,0,0,0,0,0.112248379022528,0.0625524919216254,0,0
"122",0,0,0,0,0,0,0,0,0,0,0,0,0,0,0,0,0.0241258370586971,0.0281903967064173,0,0,0,0,0,0,0,0,0,0,0,0,0,0,0,0,0,0.104858929011806,0,0,0,0,0,0.153724937855611,0.0465779234525227,0,0,0,0,0,0.103517959577008,0,0,0,0,0,0,0,0.301249816983442,0,0,0,0,0,0,0.200064928619392,0,0,0,0,0,0,0,0.0404448432923013,0.0221247855405355,0,0,0,0,0,0,0,0.0013639971477494,0,0,0,0,0,0,0,0,0,0,0,0,0,0.0607937331588468,0,0,0,0,0,0.0241280927280192,0,0,0,0,0,0,0,0.0105947666580267,0,0,0.0194166157936988,0,0,0,0,0,0,0,0,0,0,0,0,0,0,0
"123",0,0,0,0,0,0,0.0742782710727934,0,0,0,0,0,0,0,0,0,0,0,0,0,0,0,0.442998470529994,0,0,0,0,0,0,0.017542480604568,0,0,0,0,0,0,0,0,0,0,0,0,0,0,0,0,0,0,0,0,0,0,0.0925452503873012,0,0,0,0,0,0,0,0,0,0,0,0,0,0,0,0,0.0472975586370367,0,0,0,0,0,0,0,0,0,0,0,0,0,0,0,0,0.0207241548275317,0,0,0,0,0,0,0.0172604437511222,0,0,0,0,0.550135367846615,0,0,0,0,0,0,0,0,0,0,0,0,0,0,0,0,0,0,0,0,0,0,0,0,0,0,0.596151784422289,0
"124",0,0,0,0,0,0,0,0,0,0,0,0,0,0,0,0,0,0,0,0.00707079243333322,0,0.00327050343206656,0,0,0,0,0,0,0,0,0,0,0,0,0.0692489950737972,0,0,0,0,0,0,0,0,0,0,0,0,0,0,0,0,0,0,0,0,0,0,0,0,0,0,0,0,0,0,0,0,0,0,0,0,0,0,0,0,-0.0425296461542342,0,0,0.298299883640285,0.0699888562079025,0,0,0,0,0,0,0,0,0,0,0,0,0,0,0,0,0,0,0,0,0,0,0,-0.029555570374978,0,0,0,0,0,0,0,0,0,0,0,0,0,0,0,0,0.112248379022528,0,0,0,0,0,0.0428149692317401
"125",0,0,0,0.0105694353910011,0,0,0,0,0,0.143509232301681,0,0,0,0.047773338484005,0,0,0,0.00408609474674651,0,0,0,0.0894525750300968,0,0,0,0.00873680881728373,0,0.0878403488730655,0,0,0,0,0,0,0.552495513096062,0,0,0,0,0,0,0,0.111140940827382,0,0,0,0,0,0,0,0,0,0,0,0.0225015965348809,0,0,0,0,0,0,0,0,0,0,0.172544971071766,0,0,0,0,0,0,0,0,0,0,0,0,0,0,0,0,0,0,0,0,0,0,0,0,0,0,0,0,0,0,0,0,0,0,0,0,0,0,0,0,0,0,0,0,0,0,0,0,0,0,0,0,0,0,0.0625524919216254,0,0,0,0,0,0
"126",0,0,0,0,0,0,0.0840290166312233,0,0,0,0,0,0,0,0,0,0,0,0,0,0,0,0,0,0,0,0,0,0,0,0,0,0,0,0,0,0,0,0,0,0,0,0,0,0,0,0,0,0,0,0,0,0,0,0,0,0,0,0,0,0,0,0,0,0,0,0,0,0,0.0699209624128593,0,0,0,0,0,0,0,0,0,0,0,0,0,0,0,0,0,0,0.00110166401929215,0,0,0,0,0.0257079244375809,0,0,0,0,0.0361534302123966,0,0,0,0,0,0,0,0,0,0,0,0,0,0,0,0,0,0,0,0,0,0,0,0.596151784422289,0,0,0,0
"127",0,0,0,0,0,0,0,0,0,0,0,0,0,0,0,0,0,0,0,0,0,0,0,0,0.0675436358950777,0,0,0,0,0,0,0,0.0489774735241779,0,0.0647437324222405,0,0,0.00650687865713262,0,0,0,0,0,0,0,0,0,0.257277470446063,0,0,0,0,0,0,0,0,0.0330805070677439,0,0.0152203665763464,0,0.00920585259446682,0,0,0,0,0,0,0,0,0,0,0,0,0,0,0,0,0,0,0,0,0,0,0,0,0,0,0,0,0,0,0,0,0,0,0.0612459986824995,0,0,0,0,0,0,0,0,0,0.0151240610299074,0,0,0,0,0.0152194254427548,0,0,0.0082858992346897,0,0,0,0,0,0,0,0,0,0.0428149692317401,0,0,0
